timestamp,Actiwatch activity counts,Actiware classification,Apple Watch ENMO
06/01/2000 22:11:00,NA,NA,0.047327613
06/01/2000 22:11:15,91,NA,0.04948499
06/01/2000 22:11:30,62,NA,0.047339317
06/01/2000 22:11:45,58,NA,0.069403005
06/01/2000 22:12:00,154,NA,1.066049159
06/01/2000 22:12:15,164,1,0.503059591
06/01/2000 22:12:30,159,1,0.117267113
06/01/2000 22:12:45,94,1,0.075324701
06/01/2000 22:13:00,0,1,0.003892993
06/01/2000 22:13:15,6,1,0.006533666
06/01/2000 22:13:30,0,1,0.003434703
06/01/2000 22:13:45,0,1,0.00371647
06/01/2000 22:14:00,0,0,0.003637313
06/01/2000 22:14:15,0,0,0.004127708
06/01/2000 22:14:30,0,0,0.003439499
06/01/2000 22:14:45,0,0,0.003158661
06/01/2000 22:15:00,0,0,0.004114791
06/01/2000 22:15:15,0,0,0.004285946
06/01/2000 22:15:30,0,0,0.00306906
06/01/2000 22:15:45,0,0,0.003159435
06/01/2000 22:16:00,0,0,0.003089566
06/01/2000 22:16:15,0,0,0.003048413
06/01/2000 22:16:30,0,0,0.002380401
06/01/2000 22:16:45,0,0,0.001890843
06/01/2000 22:17:00,0,0,0.002064486
06/01/2000 22:17:15,0,0,0.003015109
06/01/2000 22:17:30,40,1,0.032739324
06/01/2000 22:17:45,0,0,0.00127566
06/01/2000 22:18:00,0,0,0.001341319
06/01/2000 22:18:15,0,0,0.001267837
06/01/2000 22:18:30,0,0,0.001247067
06/01/2000 22:18:45,0,0,0.001188516
06/01/2000 22:19:00,0,0,0.001288921
06/01/2000 22:19:15,0,0,0.001190035
06/01/2000 22:19:30,0,0,0.001229207
06/01/2000 22:19:45,0,0,0.001226395
06/01/2000 22:20:00,0,0,0.001201503
06/01/2000 22:20:15,0,0,0.001646797
06/01/2000 22:20:30,0,0,0.001583953
06/01/2000 22:20:45,0,0,0.001292937
06/01/2000 22:21:00,0,0,0.006416469
06/01/2000 22:21:15,0,0,0.003783546
06/01/2000 22:21:30,44,1,0.034622704
06/01/2000 22:21:45,0,0,0.002550367
06/01/2000 22:22:00,0,0,0.001670392
06/01/2000 22:22:15,0,0,0.002269727
06/01/2000 22:22:30,0,0,0.0018504
06/01/2000 22:22:45,0,0,0.002334471
06/01/2000 22:23:00,0,0,0.002034645
06/01/2000 22:23:15,0,0,0.001508556
06/01/2000 22:23:30,0,0,0.001496703
06/01/2000 22:23:45,0,0,0.001538616
06/01/2000 22:24:00,62,1,0.039803088
06/01/2000 22:24:15,0,0,0.002623086
06/01/2000 22:24:30,0,0,0.002671346
06/01/2000 22:24:45,0,0,0.002789891
06/01/2000 22:25:00,0,0,0.0025987
06/01/2000 22:25:15,0,0,0.002535869
06/01/2000 22:25:30,0,0,0.00243975
06/01/2000 22:25:45,0,0,0.002465812
06/01/2000 22:26:00,0,0,0.002381159
06/01/2000 22:26:15,0,0,0.002293779
06/01/2000 22:26:30,0,0,0.002695357
06/01/2000 22:26:45,0,0,0.002507164
06/01/2000 22:27:00,0,0,0.001990769
06/01/2000 22:27:15,0,0,0.001867449
06/01/2000 22:27:30,0,0,0.001994279
06/01/2000 22:27:45,0,0,0.001796224
06/01/2000 22:28:00,0,0,0.00186478
06/01/2000 22:28:15,0,0,0.001839698
06/01/2000 22:28:30,0,0,0.001974718
06/01/2000 22:28:45,0,0,0.001739374
06/01/2000 22:29:00,0,0,0.001830129
06/01/2000 22:29:15,0,0,0.001826127
06/01/2000 22:29:30,0,0,0.001805196
06/01/2000 22:29:45,0,0,0.001803581
06/01/2000 22:30:00,0,0,0.001763038
06/01/2000 22:30:15,0,0,0.001794483
06/01/2000 22:30:30,0,0,0.001891211
06/01/2000 22:30:45,0,0,0.001779073
06/01/2000 22:31:00,0,0,0.001682492
06/01/2000 22:31:15,0,0,0.001737123
06/01/2000 22:31:30,0,0,0.001618188
06/01/2000 22:31:45,0,0,0.001854569
06/01/2000 22:32:00,0,0,0.001766558
06/01/2000 22:32:15,0,0,0.001826845
06/01/2000 22:32:30,0,0,0.001899408
06/01/2000 22:32:45,0,0,0.001692995
06/01/2000 22:33:00,0,0,0.001672727
06/01/2000 22:33:15,0,0,0.001654257
06/01/2000 22:33:30,0,0,0.001662757
06/01/2000 22:33:45,0,0,0.001642583
06/01/2000 22:34:00,0,0,0.001684112
06/01/2000 22:34:15,0,0,0.001688799
06/01/2000 22:34:30,0,0,0.001795468
06/01/2000 22:34:45,0,0,0.001576175
06/01/2000 22:35:00,0,0,0.001528178
06/01/2000 22:35:15,0,0,0.00172848
06/01/2000 22:35:30,0,0,0.001728509
06/01/2000 22:35:45,0,0,0.001660531
06/01/2000 22:36:00,0,0,0.001542639
06/01/2000 22:36:15,0,0,0.001671711
06/01/2000 22:36:30,0,0,0.001646498
06/01/2000 22:36:45,0,0,0.001504905
06/01/2000 22:37:00,4,0,0.005224992
06/01/2000 22:37:15,17,1,0.012152289
06/01/2000 22:37:30,0,0,0.001051506
06/01/2000 22:37:45,0,0,0.001154326
06/01/2000 22:38:00,0,0,0.001120727
06/01/2000 22:38:15,0,0,0.001133702
06/01/2000 22:38:30,0,0,0.001133286
06/01/2000 22:38:45,0,0,0.001217971
06/01/2000 22:39:00,0,0,0.001165308
06/01/2000 22:39:15,0,0,0.001212365
06/01/2000 22:39:30,0,0,0.001186439
06/01/2000 22:39:45,0,0,0.001167886
06/01/2000 22:40:00,0,0,0.001123228
06/01/2000 22:40:15,0,0,0.001180143
06/01/2000 22:40:30,0,0,0.001222251
06/01/2000 22:40:45,0,0,0.001101278
06/01/2000 22:41:00,0,0,0.001160038
06/01/2000 22:41:15,0,0,0.001088582
06/01/2000 22:41:30,0,0,0.001113942
06/01/2000 22:41:45,0,0,0.001087484
06/01/2000 22:42:00,0,0,0.001091373
06/01/2000 22:42:15,0,0,0.001079539
06/01/2000 22:42:30,0,0,0.001101511
06/01/2000 22:42:45,0,0,0.001085216
06/01/2000 22:43:00,0,0,0.001100578
06/01/2000 22:43:15,0,0,0.001179257
06/01/2000 22:43:30,0,0,0.001107782
06/01/2000 22:43:45,0,0,0.001129351
06/01/2000 22:44:00,0,0,0.001098288
06/01/2000 22:44:15,0,0,0.001086422
06/01/2000 22:44:30,0,0,0.00105864
06/01/2000 22:44:45,0,0,0.001052718
06/01/2000 22:45:00,0,0,0.001049114
06/01/2000 22:45:15,0,0,0.001066399
06/01/2000 22:45:30,0,0,0.00108139
06/01/2000 22:45:45,0,0,0.001075274
06/01/2000 22:46:00,0,0,0.001111435
06/01/2000 22:46:15,0,0,0.00105094
06/01/2000 22:46:30,0,0,0.001078588
06/01/2000 22:46:45,0,0,0.001042201
06/01/2000 22:47:00,0,0,0.001123494
06/01/2000 22:47:15,0,0,0.001052928
06/01/2000 22:47:30,0,0,0.001066662
06/01/2000 22:47:45,0,0,0.001026185
06/01/2000 22:48:00,0,0,0.001102265
06/01/2000 22:48:15,0,0,0.0010339
06/01/2000 22:48:30,0,0,0.001027378
06/01/2000 22:48:45,0,0,0.001010824
06/01/2000 22:49:00,0,0,0.001028193
06/01/2000 22:49:15,0,0,0.001011342
06/01/2000 22:49:30,0,0,0.001322325
06/01/2000 22:49:45,0,0,0.001030925
06/01/2000 22:50:00,0,0,0.001049792
06/01/2000 22:50:15,0,0,0.001115555
06/01/2000 22:50:30,0,0,0.001361429
06/01/2000 22:50:45,0,0,0.001365749
06/01/2000 22:51:00,0,0,0.001271571
06/01/2000 22:51:15,0,0,0.001148296
06/01/2000 22:51:30,0,0,0.001003261
06/01/2000 22:51:45,0,0,0.001009668
06/01/2000 22:52:00,0,0,0.000987605
06/01/2000 22:52:15,0,0,0.001105865
06/01/2000 22:52:30,0,0,0.001032282
06/01/2000 22:52:45,0,0,0.001036439
06/01/2000 22:53:00,0,0,0.001011889
06/01/2000 22:53:15,0,0,0.00109037
06/01/2000 22:53:30,0,0,0.000986692
06/01/2000 22:53:45,0,0,0.000998986
06/01/2000 22:54:00,0,0,0.000998594
06/01/2000 22:54:15,0,0,0.001014463
06/01/2000 22:54:30,0,0,0.001016144
06/01/2000 22:54:45,0,0,0.000966545
06/01/2000 22:55:00,0,0,0.001015022
06/01/2000 22:55:15,0,0,0.00098244
06/01/2000 22:55:30,0,0,0.000984468
06/01/2000 22:55:45,0,0,0.000959524
06/01/2000 22:56:00,0,0,0.001012655
06/01/2000 22:56:15,0,0,0.002852352
06/01/2000 22:56:30,2,0,0.006023381
06/01/2000 22:56:45,0,0,0.002219075
06/01/2000 22:57:00,0,0,0.002354931
06/01/2000 22:57:15,0,0,0.002450576
06/01/2000 22:57:30,0,0,0.002451546
06/01/2000 22:57:45,0,0,0.002331686
06/01/2000 22:58:00,0,0,0.002326802
06/01/2000 22:58:15,0,0,0.002290456
06/01/2000 22:58:30,0,0,0.002229724
06/01/2000 22:58:45,0,0,0.002085923
06/01/2000 22:59:00,0,0,0.002145345
06/01/2000 22:59:15,0,0,0.002113868
06/01/2000 22:59:30,0,0,0.002130045
06/01/2000 22:59:45,0,0,0.002116319
06/01/2000 23:00:00,0,0,0.001960064
06/01/2000 23:00:15,0,0,0.002130336
06/01/2000 23:00:30,0,0,0.002267595
06/01/2000 23:00:45,0,0,0.00219146
06/01/2000 23:01:00,0,0,0.002061611
06/01/2000 23:01:15,0,0,0.002092088
06/01/2000 23:01:30,0,0,0.00196334
06/01/2000 23:01:45,0,0,0.001983522
06/01/2000 23:02:00,0,0,0.002027916
06/01/2000 23:02:15,0,0,0.00206459
06/01/2000 23:02:30,0,0,0.002038081
06/01/2000 23:02:45,0,0,0.001910909
06/01/2000 23:03:00,0,0,0.00199668
06/01/2000 23:03:15,0,0,0.002062368
06/01/2000 23:03:30,0,0,0.002013566
06/01/2000 23:03:45,0,0,0.00199669
06/01/2000 23:04:00,0,0,0.002010172
06/01/2000 23:04:15,0,0,0.001961842
06/01/2000 23:04:30,0,0,0.001964329
06/01/2000 23:04:45,0,0,0.001931285
06/01/2000 23:05:00,0,0,0.001876638
06/01/2000 23:05:15,0,0,0.001919005
06/01/2000 23:05:30,0,0,0.002098862
06/01/2000 23:05:45,0,0,0.002029944
06/01/2000 23:06:00,0,0,0.002018818
06/01/2000 23:06:15,0,0,0.002022414
06/01/2000 23:06:30,0,0,0.002036907
06/01/2000 23:06:45,0,0,0.001876516
06/01/2000 23:07:00,0,0,0.001989262
06/01/2000 23:07:15,0,0,0.001891973
06/01/2000 23:07:30,0,0,0.002946493
06/01/2000 23:07:45,2,0,0.004522134
06/01/2000 23:08:00,0,0,0.001397079
06/01/2000 23:08:15,0,0,0.001389963
06/01/2000 23:08:30,0,0,0.001389454
06/01/2000 23:08:45,0,0,0.001384602
06/01/2000 23:09:00,0,0,0.001365198
06/01/2000 23:09:15,0,0,0.001461331
06/01/2000 23:09:30,0,0,0.00133269
06/01/2000 23:09:45,0,0,0.001352334
06/01/2000 23:10:00,0,0,0.00121851
06/01/2000 23:10:15,0,0,0.001322764
06/01/2000 23:10:30,0,0,0.001334111
06/01/2000 23:10:45,0,0,0.001347533
06/01/2000 23:11:00,0,0,0.001314118
06/01/2000 23:11:15,0,0,0.00126678
06/01/2000 23:11:30,0,0,0.001307293
06/01/2000 23:11:45,0,0,0.001327807
06/01/2000 23:12:00,0,0,0.00133258
06/01/2000 23:12:15,0,0,0.001391844
06/01/2000 23:12:30,0,0,0.001348132
06/01/2000 23:12:45,0,0,0.001401534
06/01/2000 23:13:00,0,0,0.001364524
06/01/2000 23:13:15,0,0,0.001355453
06/01/2000 23:13:30,0,0,0.001467695
06/01/2000 23:13:45,0,0,0.001400376
06/01/2000 23:14:00,0,0,0.001377035
06/01/2000 23:14:15,0,0,0.001422307
06/01/2000 23:14:30,0,0,0.00138437
06/01/2000 23:14:45,0,0,0.001366364
06/01/2000 23:15:00,0,0,0.001325557
06/01/2000 23:15:15,0,0,0.001429115
06/01/2000 23:15:30,0,0,0.001361493
06/01/2000 23:15:45,0,0,0.001488023
06/01/2000 23:16:00,0,0,0.001515059
06/01/2000 23:16:15,0,0,0.001482256
06/01/2000 23:16:30,0,0,0.001402062
06/01/2000 23:16:45,0,0,0.002347149
06/01/2000 23:17:00,0,0,0.001946784
06/01/2000 23:17:15,0,0,0.001369051
06/01/2000 23:17:30,0,0,0.001413902
06/01/2000 23:17:45,0,0,0.001463588
06/01/2000 23:18:00,0,0,0.001557485
06/01/2000 23:18:15,0,0,0.001595462
06/01/2000 23:18:30,0,0,0.001519811
06/01/2000 23:18:45,0,0,0.001442133
06/01/2000 23:19:00,0,0,0.001416799
06/01/2000 23:19:15,0,0,0.001473565
06/01/2000 23:19:30,0,0,0.001473364
06/01/2000 23:19:45,0,0,0.001546213
06/01/2000 23:20:00,0,0,0.001427252
06/01/2000 23:20:15,0,0,0.001720467
06/01/2000 23:20:30,0,0,0.002123536
06/01/2000 23:20:45,0,0,0.001339967
06/01/2000 23:21:00,0,0,0.001357089
06/01/2000 23:21:15,0,0,0.001439095
06/01/2000 23:21:30,0,0,0.001445444
06/01/2000 23:21:45,0,0,0.001417818
06/01/2000 23:22:00,0,0,0.001376794
06/01/2000 23:22:15,0,0,0.001345708
06/01/2000 23:22:30,0,0,0.001271419
06/01/2000 23:22:45,0,0,0.001289497
06/01/2000 23:23:00,0,0,0.001276219
06/01/2000 23:23:15,0,0,0.001254742
06/01/2000 23:23:30,0,0,0.001268928
06/01/2000 23:23:45,0,0,0.001226673
06/01/2000 23:24:00,0,0,0.001303817
06/01/2000 23:24:15,0,0,0.001215731
06/01/2000 23:24:30,0,0,0.001222113
06/01/2000 23:24:45,0,0,0.001214834
06/01/2000 23:25:00,0,0,0.00125822
06/01/2000 23:25:15,5,0,0.003644251
06/01/2000 23:25:30,0,0,0.00113666
06/01/2000 23:25:45,0,0,0.001074411
06/01/2000 23:26:00,0,0,0.001152018
06/01/2000 23:26:15,0,0,0.001145453
06/01/2000 23:26:30,0,0,0.001166809
06/01/2000 23:26:45,0,0,0.001165551
06/01/2000 23:27:00,0,0,0.001216368
06/01/2000 23:27:15,0,0,0.001146228
06/01/2000 23:27:30,0,0,0.001165181
06/01/2000 23:27:45,0,0,0.001150411
06/01/2000 23:28:00,0,0,0.001127086
06/01/2000 23:28:15,0,0,0.00135006
06/01/2000 23:28:30,0,0,0.001073615
06/01/2000 23:28:45,0,0,0.001130063
06/01/2000 23:29:00,0,0,0.005096076
06/01/2000 23:29:15,0,0,0.0012806
06/01/2000 23:29:30,0,0,0.001274532
06/01/2000 23:29:45,0,0,0.001245657
06/01/2000 23:30:00,0,0,0.001294205
06/01/2000 23:30:15,0,0,0.002626983
06/01/2000 23:30:30,0,0,0.002219577
06/01/2000 23:30:45,0,0,0.00181307
06/01/2000 23:31:00,0,0,0.002057201
06/01/2000 23:31:15,0,0,0.001816083
06/01/2000 23:31:30,0,0,0.001674768
06/01/2000 23:31:45,0,0,0.001730696
06/01/2000 23:32:00,0,0,0.001757365
06/01/2000 23:32:15,44,1,0.026573439
06/01/2000 23:32:30,0,0,0.001396828
06/01/2000 23:32:45,0,0,0.001337169
06/01/2000 23:33:00,0,0,0.001273124
06/01/2000 23:33:15,0,0,0.001270218
06/01/2000 23:33:30,0,0,0.001393581
06/01/2000 23:33:45,0,0,0.001282016
06/01/2000 23:34:00,0,0,0.001303512
06/01/2000 23:34:15,0,0,0.002090665
06/01/2000 23:34:30,0,0,0.001360857
06/01/2000 23:34:45,0,0,0.001363142
06/01/2000 23:35:00,0,0,0.001377573
06/01/2000 23:35:15,0,0,0.001381783
06/01/2000 23:35:30,0,0,0.001487696
06/01/2000 23:35:45,0,0,0.001476732
06/01/2000 23:36:00,0,0,0.001418337
06/01/2000 23:36:15,0,0,0.001401952
06/01/2000 23:36:30,0,0,0.001494575
06/01/2000 23:36:45,0,0,0.001343849
06/01/2000 23:37:00,0,0,0.00147325
06/01/2000 23:37:15,0,0,0.001395384
06/01/2000 23:37:30,0,0,0.001425463
06/01/2000 23:37:45,0,0,0.001402969
06/01/2000 23:38:00,0,0,0.001636186
06/01/2000 23:38:15,0,0,0.001549709
06/01/2000 23:38:30,0,0,0.001430152
06/01/2000 23:38:45,0,0,0.001448014
06/01/2000 23:39:00,0,0,0.001435614
06/01/2000 23:39:15,0,0,0.005749249
06/01/2000 23:39:30,0,0,0.001910319
06/01/2000 23:39:45,0,0,0.001981617
06/01/2000 23:40:00,0,0,0.002349192
06/01/2000 23:40:15,0,0,0.003501213
06/01/2000 23:40:30,0,0,0.001279971
06/01/2000 23:40:45,0,0,0.001115335
06/01/2000 23:41:00,0,0,0.00116413
06/01/2000 23:41:15,0,0,0.001168629
06/01/2000 23:41:30,0,0,0.001214322
06/01/2000 23:41:45,0,0,0.00122235
06/01/2000 23:42:00,0,0,0.00124238
06/01/2000 23:42:15,0,0,0.001299557
06/01/2000 23:42:30,0,0,0.001213867
06/01/2000 23:42:45,0,0,0.00122634
06/01/2000 23:43:00,0,0,0.001243477
06/01/2000 23:43:15,0,0,0.001238052
06/01/2000 23:43:30,0,0,0.001122648
06/01/2000 23:43:45,0,0,0.001787846
06/01/2000 23:44:00,0,0,0.001046378
06/01/2000 23:44:15,0,0,0.001124618
06/01/2000 23:44:30,0,0,0.001055946
06/01/2000 23:44:45,0,0,0.001109122
06/01/2000 23:45:00,0,0,0.001059547
06/01/2000 23:45:15,0,0,0.001085449
06/01/2000 23:45:30,0,0,0.001071432
06/01/2000 23:45:45,0,0,0.001065531
06/01/2000 23:46:00,0,0,0.001042188
06/01/2000 23:46:15,0,0,0.00106762
06/01/2000 23:46:30,0,0,0.001081403
06/01/2000 23:46:45,0,0,0.001053181
06/01/2000 23:47:00,0,0,0.001046012
06/01/2000 23:47:15,0,0,0.001079196
06/01/2000 23:47:30,0,0,0.00169185
06/01/2000 23:47:45,0,0,0.001216725
06/01/2000 23:48:00,0,0,0.001225904
06/01/2000 23:48:15,0,0,0.001206535
06/01/2000 23:48:30,0,0,0.001194973
06/01/2000 23:48:45,0,0,0.001189003
06/01/2000 23:49:00,0,0,0.001232351
06/01/2000 23:49:15,0,0,0.001234422
06/01/2000 23:49:30,0,0,0.001330613
06/01/2000 23:49:45,0,0,0.001343736
06/01/2000 23:50:00,0,0,0.001361831
06/01/2000 23:50:15,0,0,0.001328525
06/01/2000 23:50:30,0,0,0.002994472
06/01/2000 23:50:45,2,0,0.00286098
06/01/2000 23:51:00,0,0,0.001395491
06/01/2000 23:51:15,0,0,0.001461271
06/01/2000 23:51:30,0,0,0.002552096
06/01/2000 23:51:45,0,0,0.001866503
06/01/2000 23:52:00,0,0,0.002695917
06/01/2000 23:52:15,0,0,0.004780564
06/01/2000 23:52:30,50,1,0.043261382
06/01/2000 23:52:45,3,0,0.012772603
06/01/2000 23:53:00,0,0,0.001926764
06/01/2000 23:53:15,0,0,0.002235602
06/01/2000 23:53:30,0,0,0.001964098
06/01/2000 23:53:45,15,1,0.013515763
06/01/2000 23:54:00,2,0,0.005004097
06/01/2000 23:54:15,0,0,0.002105698
06/01/2000 23:54:30,0,0,0.002042932
06/01/2000 23:54:45,0,0,0.002342953
06/01/2000 23:55:00,0,0,0.003706226
06/01/2000 23:55:15,0,0,0.002247479
06/01/2000 23:55:30,0,0,0.002089742
06/01/2000 23:55:45,0,0,0.002077688
06/01/2000 23:56:00,0,0,0.002591929
06/01/2000 23:56:15,0,0,0.002008656
06/01/2000 23:56:30,0,0,0.001942762
06/01/2000 23:56:45,0,0,0.001949448
06/01/2000 23:57:00,0,0,0.002238684
06/01/2000 23:57:15,0,0,0.001831761
06/01/2000 23:57:30,0,0,0.001882037
06/01/2000 23:57:45,0,0,0.001764713
06/01/2000 23:58:00,0,0,0.001889024
06/01/2000 23:58:15,0,0,0.001800762
06/01/2000 23:58:30,0,0,0.001675631
06/01/2000 23:58:45,0,0,0.001716841
06/01/2000 23:59:00,0,0,0.001791157
06/01/2000 23:59:15,0,0,0.002022721
06/01/2000 23:59:30,0,0,0.001861484
06/01/2000 23:59:45,0,0,0.001814412
07/01/2000 00:00:00,0,0,0.001749434
07/01/2000 00:00:15,0,0,0.001790127
07/01/2000 00:00:30,0,0,0.001875335
07/01/2000 00:00:45,0,0,0.00222661
07/01/2000 00:01:00,0,0,0.002278641
07/01/2000 00:01:15,0,0,0.001861361
07/01/2000 00:01:30,0,0,0.001693012
07/01/2000 00:01:45,0,0,0.002820856
07/01/2000 00:02:00,0,0,0.003146624
07/01/2000 00:02:15,0,0,0.001864332
07/01/2000 00:02:30,0,0,0.001789859
07/01/2000 00:02:45,0,0,0.001832185
07/01/2000 00:03:00,0,0,0.001775094
07/01/2000 00:03:15,0,0,0.001915401
07/01/2000 00:03:30,0,0,0.002638261
07/01/2000 00:03:45,12,1,0.018329031
07/01/2000 00:04:00,0,0,0.008030371
07/01/2000 00:04:15,20,1,0.025798998
07/01/2000 00:04:30,0,0,0.002709876
07/01/2000 00:04:45,0,0,0.002875645
07/01/2000 00:05:00,0,0,0.002939862
07/01/2000 00:05:15,0,0,0.003621046
07/01/2000 00:05:30,0,0,0.004209034
07/01/2000 00:05:45,0,0,0.003335697
07/01/2000 00:06:00,0,0,0.003332667
07/01/2000 00:06:15,0,0,0.003276393
07/01/2000 00:06:30,0,0,0.003250915
07/01/2000 00:06:45,0,0,0.003341465
07/01/2000 00:07:00,0,0,0.003505626
07/01/2000 00:07:15,0,0,0.003255211
07/01/2000 00:07:30,0,0,0.003375035
07/01/2000 00:07:45,0,0,0.003347026
07/01/2000 00:08:00,0,0,0.00355356
07/01/2000 00:08:15,0,0,0.003378153
07/01/2000 00:08:30,0,0,0.003283736
07/01/2000 00:08:45,0,0,0.003421049
07/01/2000 00:09:00,0,0,0.00330934
07/01/2000 00:09:15,0,0,0.003756077
07/01/2000 00:09:30,0,0,0.003412963
07/01/2000 00:09:45,0,0,0.003470749
07/01/2000 00:10:00,0,0,0.003438447
07/01/2000 00:10:15,0,0,0.003601007
07/01/2000 00:10:30,0,0,0.005226425
07/01/2000 00:10:45,0,0,0.004219641
07/01/2000 00:11:00,0,0,0.004021746
07/01/2000 00:11:15,0,0,0.004024024
07/01/2000 00:11:30,0,0,0.003953911
07/01/2000 00:11:45,0,0,0.004112893
07/01/2000 00:12:00,0,0,0.004023642
07/01/2000 00:12:15,0,0,0.004236804
07/01/2000 00:12:30,0,0,0.004292219
07/01/2000 00:12:45,0,0,0.00442742
07/01/2000 00:13:00,0,0,0.00427066
07/01/2000 00:13:15,0,0,0.004223651
07/01/2000 00:13:30,0,0,0.00417592
07/01/2000 00:13:45,0,0,0.004212409
07/01/2000 00:14:00,0,0,0.004207288
07/01/2000 00:14:15,0,0,0.004596013
07/01/2000 00:14:30,0,0,0.004389867
07/01/2000 00:14:45,0,0,0.004439999
07/01/2000 00:15:00,0,0,0.004489471
07/01/2000 00:15:15,0,0,0.004440905
07/01/2000 00:15:30,0,0,0.004433776
07/01/2000 00:15:45,0,0,0.004433503
07/01/2000 00:16:00,0,0,0.004488268
07/01/2000 00:16:15,0,0,0.004511179
07/01/2000 00:16:30,0,0,0.003941932
07/01/2000 00:16:45,0,0,0.002925165
07/01/2000 00:17:00,0,0,0.002962924
07/01/2000 00:17:15,0,0,0.003067478
07/01/2000 00:17:30,0,0,0.002808079
07/01/2000 00:17:45,0,0,0.002831622
07/01/2000 00:18:00,0,0,0.00294506
07/01/2000 00:18:15,0,0,0.002860235
07/01/2000 00:18:30,0,0,0.003001407
07/01/2000 00:18:45,0,0,0.002934771
07/01/2000 00:19:00,0,0,0.002880484
07/01/2000 00:19:15,0,0,0.003180246
07/01/2000 00:19:30,0,0,0.002882452
07/01/2000 00:19:45,0,0,0.00285044
07/01/2000 00:20:00,0,0,0.002894002
07/01/2000 00:20:15,0,0,0.003090101
07/01/2000 00:20:30,0,0,0.002985553
07/01/2000 00:20:45,0,0,0.002844317
07/01/2000 00:21:00,0,0,0.002847778
07/01/2000 00:21:15,0,0,0.002839744
07/01/2000 00:21:30,0,0,0.002810196
07/01/2000 00:21:45,38,1,0.0263475
07/01/2000 00:22:00,10,1,0.012002438
07/01/2000 00:22:15,0,0,0.005440118
07/01/2000 00:22:30,0,0,0.005785361
07/01/2000 00:22:45,0,0,0.00575152
07/01/2000 00:23:00,0,0,0.005816915
07/01/2000 00:23:15,0,0,0.00574684
07/01/2000 00:23:30,0,0,0.005801671
07/01/2000 00:23:45,0,0,0.005841088
07/01/2000 00:24:00,0,0,0.005585041
07/01/2000 00:24:15,0,0,0.005579619
07/01/2000 00:24:30,0,0,0.005415712
07/01/2000 00:24:45,0,0,0.00441959
07/01/2000 00:25:00,0,0,0.003890639
07/01/2000 00:25:15,0,0,0.003770832
07/01/2000 00:25:30,0,0,0.003752983
07/01/2000 00:25:45,0,0,0.003787609
07/01/2000 00:26:00,0,0,0.003729616
07/01/2000 00:26:15,0,0,0.003746321
07/01/2000 00:26:30,0,0,0.003645656
07/01/2000 00:26:45,0,0,0.003459261
07/01/2000 00:27:00,0,0,0.003550731
07/01/2000 00:27:15,0,0,0.003494252
07/01/2000 00:27:30,0,0,0.00356501
07/01/2000 00:27:45,0,0,0.00369335
07/01/2000 00:28:00,0,0,0.003730976
07/01/2000 00:28:15,0,0,0.003645523
07/01/2000 00:28:30,0,0,0.003510697
07/01/2000 00:28:45,0,0,0.003583448
07/01/2000 00:29:00,0,0,0.003389736
07/01/2000 00:29:15,0,0,0.003440752
07/01/2000 00:29:30,0,0,0.003311644
07/01/2000 00:29:45,0,0,0.003607935
07/01/2000 00:30:00,0,0,0.003478266
07/01/2000 00:30:15,0,0,0.003520446
07/01/2000 00:30:30,0,0,0.003525414
07/01/2000 00:30:45,0,0,0.003524996
07/01/2000 00:31:00,0,0,0.003534922
07/01/2000 00:31:15,0,0,0.003448032
07/01/2000 00:31:30,0,0,0.003403134
07/01/2000 00:31:45,0,0,0.003326984
07/01/2000 00:32:00,0,0,0.003464882
07/01/2000 00:32:15,0,0,0.003433973
07/01/2000 00:32:30,0,0,0.00349089
07/01/2000 00:32:45,0,0,0.003432141
07/01/2000 00:33:00,0,0,0.003215724
07/01/2000 00:33:15,0,0,0.003419929
07/01/2000 00:33:30,0,0,0.003491558
07/01/2000 00:33:45,0,0,0.003522965
07/01/2000 00:34:00,0,0,0.003498528
07/01/2000 00:34:15,0,0,0.003357504
07/01/2000 00:34:30,0,0,0.003283341
07/01/2000 00:34:45,0,0,0.003362648
07/01/2000 00:35:00,0,0,0.003342536
07/01/2000 00:35:15,0,0,0.003090622
07/01/2000 00:35:30,0,0,0.003200453
07/01/2000 00:35:45,0,0,0.003448704
07/01/2000 00:36:00,0,0,0.003232434
07/01/2000 00:36:15,0,0,0.003310671
07/01/2000 00:36:30,0,0,0.003359938
07/01/2000 00:36:45,0,0,0.003348563
07/01/2000 00:37:00,0,0,0.003348475
07/01/2000 00:37:15,0,0,0.003409044
07/01/2000 00:37:30,0,0,0.003470772
07/01/2000 00:37:45,0,0,0.003508405
07/01/2000 00:38:00,0,0,0.003404154
07/01/2000 00:38:15,0,0,0.003193028
07/01/2000 00:38:30,0,0,0.003316335
07/01/2000 00:38:45,0,0,0.003406666
07/01/2000 00:39:00,0,0,0.003232259
07/01/2000 00:39:15,0,0,0.003594005
07/01/2000 00:39:30,0,0,0.003443271
07/01/2000 00:39:45,0,0,0.003516122
07/01/2000 00:40:00,0,0,0.003357434
07/01/2000 00:40:15,0,0,0.003420603
07/01/2000 00:40:30,0,0,0.003256031
07/01/2000 00:40:45,0,0,0.003458685
07/01/2000 00:41:00,0,0,0.003456405
07/01/2000 00:41:15,0,0,0.003515295
07/01/2000 00:41:30,0,0,0.003471335
07/01/2000 00:41:45,0,0,0.00351321
07/01/2000 00:42:00,0,0,0.003490393
07/01/2000 00:42:15,0,0,0.003545121
07/01/2000 00:42:30,0,0,0.003734935
07/01/2000 00:42:45,0,0,0.003533973
07/01/2000 00:43:00,0,0,0.003498509
07/01/2000 00:43:15,0,0,0.003291693
07/01/2000 00:43:30,0,0,0.003571936
07/01/2000 00:43:45,0,0,0.003553814
07/01/2000 00:44:00,0,0,0.003619377
07/01/2000 00:44:15,0,0,0.003617545
07/01/2000 00:44:30,0,0,0.003581773
07/01/2000 00:44:45,0,0,0.003565204
07/01/2000 00:45:00,0,0,0.003553355
07/01/2000 00:45:15,0,0,0.003506252
07/01/2000 00:45:30,0,0,0.003483096
07/01/2000 00:45:45,0,0,0.00332754
07/01/2000 00:46:00,0,0,0.003670808
07/01/2000 00:46:15,0,0,0.003658733
07/01/2000 00:46:30,0,0,0.003624871
07/01/2000 00:46:45,0,0,0.003590109
07/01/2000 00:47:00,0,0,0.003534533
07/01/2000 00:47:15,0,0,0.003512215
07/01/2000 00:47:30,0,0,0.003503183
07/01/2000 00:47:45,0,0,0.003629779
07/01/2000 00:48:00,0,0,0.003451945
07/01/2000 00:48:15,0,0,0.003496928
07/01/2000 00:48:30,0,0,0.003520233
07/01/2000 00:48:45,0,0,0.003562124
07/01/2000 00:49:00,0,0,0.003525825
07/01/2000 00:49:15,0,0,0.003643655
07/01/2000 00:49:30,0,0,0.003582294
07/01/2000 00:49:45,0,0,0.003628867
07/01/2000 00:50:00,0,0,0.003615736
07/01/2000 00:50:15,0,0,0.003137433
07/01/2000 00:50:30,0,0,0.002544152
07/01/2000 00:50:45,0,0,0.002693014
07/01/2000 00:51:00,0,0,0.002784756
07/01/2000 00:51:15,0,0,0.002590366
07/01/2000 00:51:30,0,0,0.00356957
07/01/2000 00:51:45,0,0,0.003652981
07/01/2000 00:52:00,0,0,0.003729148
07/01/2000 00:52:15,0,0,0.003573984
07/01/2000 00:52:30,0,0,0.003583345
07/01/2000 00:52:45,0,0,0.003699456
07/01/2000 00:53:00,0,0,0.003796702
07/01/2000 00:53:15,0,0,0.003754616
07/01/2000 00:53:30,0,0,0.003580027
07/01/2000 00:53:45,0,0,0.003775167
07/01/2000 00:54:00,0,0,0.00372456
07/01/2000 00:54:15,0,0,0.003886943
07/01/2000 00:54:30,0,0,0.003757778
07/01/2000 00:54:45,0,0,0.003667356
07/01/2000 00:55:00,0,0,0.003760855
07/01/2000 00:55:15,0,0,0.003688105
07/01/2000 00:55:30,0,0,0.00375195
07/01/2000 00:55:45,0,0,0.003560928
07/01/2000 00:56:00,0,0,0.003824516
07/01/2000 00:56:15,0,0,0.003862681
07/01/2000 00:56:30,0,0,0.003750223
07/01/2000 00:56:45,0,0,0.003747161
07/01/2000 00:57:00,0,0,0.003635468
07/01/2000 00:57:15,0,0,0.003624033
07/01/2000 00:57:30,0,0,0.003593706
07/01/2000 00:57:45,0,0,0.003568033
07/01/2000 00:58:00,0,0,0.003667643
07/01/2000 00:58:15,0,0,0.003688147
07/01/2000 00:58:30,0,0,0.003471675
07/01/2000 00:58:45,0,0,0.00377706
07/01/2000 00:59:00,0,0,0.003826781
07/01/2000 00:59:15,0,0,0.003837612
07/01/2000 00:59:30,0,0,0.003758794
07/01/2000 00:59:45,0,0,0.003697906
07/01/2000 01:00:00,0,0,0.003653764
07/01/2000 01:00:15,0,0,0.003583488
07/01/2000 01:00:30,0,0,0.003638825
07/01/2000 01:00:45,0,0,0.003751853
07/01/2000 01:01:00,0,0,0.003540881
07/01/2000 01:01:15,0,0,0.003486297
07/01/2000 01:01:30,0,0,0.003706551
07/01/2000 01:01:45,0,0,0.003737619
07/01/2000 01:02:00,0,0,0.003745303
07/01/2000 01:02:15,0,0,0.003714629
07/01/2000 01:02:30,0,0,0.003554683
07/01/2000 01:02:45,0,0,0.003606732
07/01/2000 01:03:00,0,0,0.003549131
07/01/2000 01:03:15,0,0,0.003569692
07/01/2000 01:03:30,0,0,0.003612807
07/01/2000 01:03:45,0,0,0.003424499
07/01/2000 01:04:00,0,0,0.003424339
07/01/2000 01:04:15,0,0,0.003541293
07/01/2000 01:04:30,0,0,0.003594235
07/01/2000 01:04:45,0,0,0.003547529
07/01/2000 01:05:00,0,0,0.003494046
07/01/2000 01:05:15,0,0,0.003473188
07/01/2000 01:05:30,0,0,0.003429848
07/01/2000 01:05:45,0,0,0.003481171
07/01/2000 01:06:00,0,0,0.003468585
07/01/2000 01:06:15,0,0,0.003569517
07/01/2000 01:06:30,0,0,0.00354752
07/01/2000 01:06:45,0,0,0.0036591
07/01/2000 01:07:00,0,0,0.003443741
07/01/2000 01:07:15,0,0,0.003599985
07/01/2000 01:07:30,0,0,0.003580248
07/01/2000 01:07:45,0,0,0.003571602
07/01/2000 01:08:00,0,0,0.003606362
07/01/2000 01:08:15,0,0,0.003437969
07/01/2000 01:08:30,0,0,0.003606462
07/01/2000 01:08:45,0,0,0.003547823
07/01/2000 01:09:00,0,0,0.003507609
07/01/2000 01:09:15,0,0,0.003487998
07/01/2000 01:09:30,0,0,0.003447964
07/01/2000 01:09:45,0,0,0.003602621
07/01/2000 01:10:00,0,0,0.003610764
07/01/2000 01:10:15,0,0,0.003628325
07/01/2000 01:10:30,0,0,0.003642972
07/01/2000 01:10:45,0,0,0.003748302
07/01/2000 01:11:00,0,0,0.003728091
07/01/2000 01:11:15,0,0,0.003685222
07/01/2000 01:11:30,0,0,0.003446458
07/01/2000 01:11:45,0,0,0.003682815
07/01/2000 01:12:00,0,0,0.003677325
07/01/2000 01:12:15,0,0,0.003690204
07/01/2000 01:12:30,0,0,0.003817046
07/01/2000 01:12:45,0,0,0.003595421
07/01/2000 01:13:00,0,0,0.003602165
07/01/2000 01:13:15,0,0,0.003518513
07/01/2000 01:13:30,0,0,0.003556789
07/01/2000 01:13:45,0,0,0.003597496
07/01/2000 01:14:00,0,0,0.003636278
07/01/2000 01:14:15,0,0,0.003453988
07/01/2000 01:14:30,0,0,0.003600839
07/01/2000 01:14:45,0,0,0.003583579
07/01/2000 01:15:00,0,0,0.003466982
07/01/2000 01:15:15,0,0,0.00357395
07/01/2000 01:15:30,0,0,0.003631485
07/01/2000 01:15:45,0,0,0.003554082
07/01/2000 01:16:00,0,0,0.003539646
07/01/2000 01:16:15,0,0,0.003497165
07/01/2000 01:16:30,0,0,0.003521873
07/01/2000 01:16:45,0,0,0.003423361
07/01/2000 01:17:00,0,0,0.003409981
07/01/2000 01:17:15,0,0,0.003437004
07/01/2000 01:17:30,0,0,0.003355475
07/01/2000 01:17:45,0,0,0.003427471
07/01/2000 01:18:00,0,0,0.003388595
07/01/2000 01:18:15,0,0,0.003415259
07/01/2000 01:18:30,0,0,0.003446772
07/01/2000 01:18:45,0,0,0.003342663
07/01/2000 01:19:00,0,0,0.003288698
07/01/2000 01:19:15,0,0,0.003346897
07/01/2000 01:19:30,0,0,0.003328714
07/01/2000 01:19:45,0,0,0.003236587
07/01/2000 01:20:00,0,0,0.003266462
07/01/2000 01:20:15,0,0,0.003259065
07/01/2000 01:20:30,0,0,0.003220298
07/01/2000 01:20:45,0,0,0.003456655
07/01/2000 01:21:00,0,0,0.003615687
07/01/2000 01:21:15,0,0,0.003583045
07/01/2000 01:21:30,0,0,0.003350814
07/01/2000 01:21:45,0,0,0.003358654
07/01/2000 01:22:00,0,0,0.003400888
07/01/2000 01:22:15,0,0,0.003422203
07/01/2000 01:22:30,0,0,0.003422926
07/01/2000 01:22:45,0,0,0.003384849
07/01/2000 01:23:00,0,0,0.003146213
07/01/2000 01:23:15,0,0,0.003207692
07/01/2000 01:23:30,0,0,0.003236136
07/01/2000 01:23:45,0,0,0.003219827
07/01/2000 01:24:00,0,0,0.003324422
07/01/2000 01:24:15,0,0,0.003416776
07/01/2000 01:24:30,0,0,0.003305261
07/01/2000 01:24:45,0,0,0.003326266
07/01/2000 01:25:00,0,0,0.003262768
07/01/2000 01:25:15,0,0,0.00327794
07/01/2000 01:25:30,0,0,0.003055814
07/01/2000 01:25:45,0,0,0.003266549
07/01/2000 01:26:00,0,0,0.003284586
07/01/2000 01:26:15,0,0,0.003258268
07/01/2000 01:26:30,0,0,0.003081133
07/01/2000 01:26:45,0,0,0.005163269
07/01/2000 01:27:00,0,0,0.002993842
07/01/2000 01:27:15,0,0,0.003137682
07/01/2000 01:27:30,0,0,0.003078871
07/01/2000 01:27:45,0,0,0.003061805
07/01/2000 01:28:00,0,0,0.00317428
07/01/2000 01:28:15,0,0,0.003040808
07/01/2000 01:28:30,0,0,0.00305455
07/01/2000 01:28:45,0,0,0.002970948
07/01/2000 01:29:00,0,0,0.003063544
07/01/2000 01:29:15,0,0,0.003053623
07/01/2000 01:29:30,0,0,0.003062219
07/01/2000 01:29:45,0,0,0.003020413
07/01/2000 01:30:00,0,0,0.002893318
07/01/2000 01:30:15,0,0,0.002892023
07/01/2000 01:30:30,0,0,0.002983105
07/01/2000 01:30:45,0,0,0.002993672
07/01/2000 01:31:00,0,0,0.00294651
07/01/2000 01:31:15,0,0,0.00294219
07/01/2000 01:31:30,0,0,0.002912498
07/01/2000 01:31:45,0,0,0.002873714
07/01/2000 01:32:00,0,0,0.002884527
07/01/2000 01:32:15,0,0,0.002868803
07/01/2000 01:32:30,0,0,0.002840709
07/01/2000 01:32:45,0,0,0.002854847
07/01/2000 01:33:00,0,0,0.00314364
07/01/2000 01:33:15,0,0,0.003020244
07/01/2000 01:33:30,0,0,0.002968006
07/01/2000 01:33:45,0,0,0.003094987
07/01/2000 01:34:00,0,0,0.003093915
07/01/2000 01:34:15,0,0,0.003115406
07/01/2000 01:34:30,0,0,0.003035665
07/01/2000 01:34:45,0,0,0.002993546
07/01/2000 01:35:00,0,0,0.003124871
07/01/2000 01:35:15,0,0,0.0030815
07/01/2000 01:35:30,0,0,0.003027246
07/01/2000 01:35:45,0,0,0.003214919
07/01/2000 01:36:00,0,0,0.003233847
07/01/2000 01:36:15,0,0,0.00305613
07/01/2000 01:36:30,0,0,0.003010394
07/01/2000 01:36:45,0,0,0.003056672
07/01/2000 01:37:00,0,0,0.002959735
07/01/2000 01:37:15,0,0,0.003120063
07/01/2000 01:37:30,4,0,0.004590283
07/01/2000 01:37:45,0,0,0.003043108
07/01/2000 01:38:00,0,0,0.002985227
07/01/2000 01:38:15,0,0,0.003005909
07/01/2000 01:38:30,0,0,0.004758647
07/01/2000 01:38:45,0,0,0.003400226
07/01/2000 01:39:00,0,0,0.004226872
07/01/2000 01:39:15,0,0,0.003644241
07/01/2000 01:39:30,0,0,0.003144512
07/01/2000 01:39:45,0,0,0.003272978
07/01/2000 01:40:00,0,0,0.003242889
07/01/2000 01:40:15,0,0,0.003159148
07/01/2000 01:40:30,0,0,0.003293692
07/01/2000 01:40:45,0,0,0.003296457
07/01/2000 01:41:00,0,0,0.003404619
07/01/2000 01:41:15,0,0,0.003300513
07/01/2000 01:41:30,0,0,0.003515545
07/01/2000 01:41:45,0,0,0.003339049
07/01/2000 01:42:00,0,0,0.003326735
07/01/2000 01:42:15,0,0,0.005175073
07/01/2000 01:42:30,0,0,0.003439278
07/01/2000 01:42:45,0,0,0.003432538
07/01/2000 01:43:00,0,0,0.003448619
07/01/2000 01:43:15,0,0,0.003504689
07/01/2000 01:43:30,0,0,0.003399864
07/01/2000 01:43:45,0,0,0.003519561
07/01/2000 01:44:00,0,0,0.003663382
07/01/2000 01:44:15,0,0,0.003720194
07/01/2000 01:44:30,0,0,0.003374634
07/01/2000 01:44:45,0,0,0.003448484
07/01/2000 01:45:00,0,0,0.003389957
07/01/2000 01:45:15,0,0,0.003303946
07/01/2000 01:45:30,0,0,0.00320715
07/01/2000 01:45:45,0,0,0.003443564
07/01/2000 01:46:00,0,0,0.003146019
07/01/2000 01:46:15,0,0,0.003353837
07/01/2000 01:46:30,0,0,0.003368814
07/01/2000 01:46:45,0,0,0.003491927
07/01/2000 01:47:00,0,0,0.003354683
07/01/2000 01:47:15,0,0,0.003249618
07/01/2000 01:47:30,12,1,0.011508596
07/01/2000 01:47:45,0,0,0.003373021
07/01/2000 01:48:00,0,0,0.003409372
07/01/2000 01:48:15,0,0,0.003461671
07/01/2000 01:48:30,0,0,0.003456692
07/01/2000 01:48:45,0,0,0.003456566
07/01/2000 01:49:00,0,0,0.003274699
07/01/2000 01:49:15,0,0,0.003356212
07/01/2000 01:49:30,0,0,0.00337812
07/01/2000 01:49:45,0,0,0.003209186
07/01/2000 01:50:00,0,0,0.003332021
07/01/2000 01:50:15,0,0,0.003142431
07/01/2000 01:50:30,0,0,0.003339701
07/01/2000 01:50:45,0,0,0.003377611
07/01/2000 01:51:00,0,0,0.003343198
07/01/2000 01:51:15,0,0,0.003976824
07/01/2000 01:51:30,0,0,0.003503569
07/01/2000 01:51:45,0,0,0.003544735
07/01/2000 01:52:00,0,0,0.003680504
07/01/2000 01:52:15,0,0,0.003656064
07/01/2000 01:52:30,0,0,0.00366873
07/01/2000 01:52:45,2,0,0.00425795
07/01/2000 01:53:00,0,0,0.003519716
07/01/2000 01:53:15,0,0,0.003573154
07/01/2000 01:53:30,0,0,0.00334544
07/01/2000 01:53:45,0,0,0.003349127
07/01/2000 01:54:00,0,0,0.003328598
07/01/2000 01:54:15,0,0,0.002513872
07/01/2000 01:54:30,0,0,0.002901832
07/01/2000 01:54:45,29,1,0.030291968
07/01/2000 01:55:00,42,1,0.016616021
07/01/2000 01:55:15,0,0,0.002454505
07/01/2000 01:55:30,0,0,0.001729354
07/01/2000 01:55:45,0,0,0.001697019
07/01/2000 01:56:00,0,0,0.001806173
07/01/2000 01:56:15,0,0,0.00191975
07/01/2000 01:56:30,0,0,0.001736134
07/01/2000 01:56:45,0,0,0.001929984
07/01/2000 01:57:00,0,0,0.001822498
07/01/2000 01:57:15,0,0,0.002024984
07/01/2000 01:57:30,0,0,0.001961223
07/01/2000 01:57:45,0,0,0.002045907
07/01/2000 01:58:00,0,0,0.001989365
07/01/2000 01:58:15,0,0,0.001947968
07/01/2000 01:58:30,0,0,0.00202704
07/01/2000 01:58:45,0,0,0.001994737
07/01/2000 01:59:00,0,0,0.001980496
07/01/2000 01:59:15,0,0,0.001914393
07/01/2000 01:59:30,0,0,0.002067011
07/01/2000 01:59:45,0,0,0.001994889
07/01/2000 02:00:00,0,0,0.002033934
07/01/2000 02:00:15,0,0,0.001932184
07/01/2000 02:00:30,0,0,0.002005049
07/01/2000 02:00:45,0,0,0.002090948
07/01/2000 02:01:00,0,0,0.001884952
07/01/2000 02:01:15,0,0,0.001921115
07/01/2000 02:01:30,0,0,0.002054491
07/01/2000 02:01:45,0,0,0.001956127
07/01/2000 02:02:00,0,0,0.001926044
07/01/2000 02:02:15,0,0,0.00192352
07/01/2000 02:02:30,0,0,0.001965317
07/01/2000 02:02:45,0,0,0.001916043
07/01/2000 02:03:00,0,0,0.001849392
07/01/2000 02:03:15,0,0,0.001892455
07/01/2000 02:03:30,0,0,0.001873417
07/01/2000 02:03:45,0,0,0.00205656
07/01/2000 02:04:00,0,0,0.001938033
07/01/2000 02:04:15,0,0,0.001914506
07/01/2000 02:04:30,0,0,0.001978388
07/01/2000 02:04:45,0,0,0.002145634
07/01/2000 02:05:00,0,0,0.001910029
07/01/2000 02:05:15,0,0,0.00219713
07/01/2000 02:05:30,46,1,0.022043427
07/01/2000 02:05:45,0,0,0.004963638
07/01/2000 02:06:00,0,0,0.004992372
07/01/2000 02:06:15,0,0,0.00492221
07/01/2000 02:06:30,0,0,0.004881022
07/01/2000 02:06:45,0,0,0.004903642
07/01/2000 02:07:00,0,0,0.004873429
07/01/2000 02:07:15,0,0,0.004812301
07/01/2000 02:07:30,0,0,0.004811023
07/01/2000 02:07:45,0,0,0.004768575
07/01/2000 02:08:00,0,0,0.004867
07/01/2000 02:08:15,0,0,0.004830269
07/01/2000 02:08:30,0,0,0.004866881
07/01/2000 02:08:45,0,0,0.004806947
07/01/2000 02:09:00,0,0,0.005220495
07/01/2000 02:09:15,0,0,0.004738795
07/01/2000 02:09:30,0,0,0.004699892
07/01/2000 02:09:45,0,0,0.00462409
07/01/2000 02:10:00,0,0,0.004618475
07/01/2000 02:10:15,0,0,0.004614315
07/01/2000 02:10:30,0,0,0.004674843
07/01/2000 02:10:45,0,0,0.00463576
07/01/2000 02:11:00,0,0,0.004652238
07/01/2000 02:11:15,0,0,0.004651563
07/01/2000 02:11:30,0,0,0.00453294
07/01/2000 02:11:45,0,0,0.004579846
07/01/2000 02:12:00,0,0,0.004608303
07/01/2000 02:12:15,0,0,0.005112281
07/01/2000 02:12:30,0,0,0.004607833
07/01/2000 02:12:45,0,0,0.004629538
07/01/2000 02:13:00,0,0,0.004611515
07/01/2000 02:13:15,0,0,0.004660857
07/01/2000 02:13:30,0,0,0.004678664
07/01/2000 02:13:45,0,0,0.00466187
07/01/2000 02:14:00,0,0,0.004639624
07/01/2000 02:14:15,0,0,0.006675214
07/01/2000 02:14:30,11,1,0.008610547
07/01/2000 02:14:45,0,0,0.002917503
07/01/2000 02:15:00,0,0,0.003081538
07/01/2000 02:15:15,0,0,0.002833404
07/01/2000 02:15:30,0,0,0.00282717
07/01/2000 02:15:45,0,0,0.002859702
07/01/2000 02:16:00,0,0,0.002866962
07/01/2000 02:16:15,0,0,0.003034902
07/01/2000 02:16:30,0,0,0.002821057
07/01/2000 02:16:45,0,0,0.002711679
07/01/2000 02:17:00,0,0,0.002758358
07/01/2000 02:17:15,0,0,0.002749413
07/01/2000 02:17:30,0,0,0.002778295
07/01/2000 02:17:45,0,0,0.003135301
07/01/2000 02:18:00,0,0,0.002759129
07/01/2000 02:18:15,0,0,0.002709807
07/01/2000 02:18:30,0,0,0.00282947
07/01/2000 02:18:45,0,0,0.002821353
07/01/2000 02:19:00,0,0,0.002765176
07/01/2000 02:19:15,0,0,0.002793044
07/01/2000 02:19:30,0,0,0.002762327
07/01/2000 02:19:45,0,0,0.002747984
07/01/2000 02:20:00,0,0,0.002788156
07/01/2000 02:20:15,0,0,0.003007221
07/01/2000 02:20:30,0,0,0.002867792
07/01/2000 02:20:45,0,0,0.002777867
07/01/2000 02:21:00,0,0,0.002867197
07/01/2000 02:21:15,0,0,0.002900272
07/01/2000 02:21:30,0,0,0.002896113
07/01/2000 02:21:45,0,0,0.002924169
07/01/2000 02:22:00,0,0,0.002908027
07/01/2000 02:22:15,0,0,0.002912139
07/01/2000 02:22:30,0,0,0.002921343
07/01/2000 02:22:45,0,0,0.002846941
07/01/2000 02:23:00,0,0,0.002825021
07/01/2000 02:23:15,0,0,0.00311475
07/01/2000 02:23:30,0,0,0.002946124
07/01/2000 02:23:45,0,0,0.002927565
07/01/2000 02:24:00,0,0,0.00287833
07/01/2000 02:24:15,0,0,0.002949288
07/01/2000 02:24:30,0,0,0.002891248
07/01/2000 02:24:45,0,0,0.002948343
07/01/2000 02:25:00,0,0,0.002881375
07/01/2000 02:25:15,0,0,0.002949869
07/01/2000 02:25:30,0,0,0.003065848
07/01/2000 02:25:45,0,0,0.002957698
07/01/2000 02:26:00,0,0,0.002940931
07/01/2000 02:26:15,0,0,0.002933448
07/01/2000 02:26:30,0,0,0.002907326
07/01/2000 02:26:45,0,0,0.002877417
07/01/2000 02:27:00,0,0,0.002901334
07/01/2000 02:27:15,0,0,0.005978731
07/01/2000 02:27:30,20,1,0.023240897
07/01/2000 02:27:45,15,1,0.0191779
07/01/2000 02:28:00,0,0,0.001446853
07/01/2000 02:28:15,0,0,0.001236454
07/01/2000 02:28:30,0,0,0.001216947
07/01/2000 02:28:45,0,0,0.00127564
07/01/2000 02:29:00,0,0,0.001190998
07/01/2000 02:29:15,0,0,0.001261315
07/01/2000 02:29:30,0,0,0.001222175
07/01/2000 02:29:45,0,0,0.001230578
07/01/2000 02:30:00,0,0,0.001247812
07/01/2000 02:30:15,0,0,0.001244969
07/01/2000 02:30:30,0,0,0.00122012
07/01/2000 02:30:45,0,0,0.001247992
07/01/2000 02:31:00,0,0,0.001265158
07/01/2000 02:31:15,0,0,0.001280044
07/01/2000 02:31:30,0,0,0.001191515
07/01/2000 02:31:45,0,0,0.001281425
07/01/2000 02:32:00,0,0,0.001317206
07/01/2000 02:32:15,0,0,0.001567804
07/01/2000 02:32:30,0,0,0.001446799
07/01/2000 02:32:45,0,0,0.00131119
07/01/2000 02:33:00,0,0,0.001264863
07/01/2000 02:33:15,0,0,0.001177484
07/01/2000 02:33:30,0,0,0.001273056
07/01/2000 02:33:45,0,0,0.001500445
07/01/2000 02:34:00,0,0,0.001613182
07/01/2000 02:34:15,0,0,0.001289556
07/01/2000 02:34:30,0,0,0.001288126
07/01/2000 02:34:45,0,0,0.001581176
07/01/2000 02:35:00,0,0,0.001295157
07/01/2000 02:35:15,0,0,0.00127337
07/01/2000 02:35:30,0,0,0.001204444
07/01/2000 02:35:45,0,0,0.001238973
07/01/2000 02:36:00,0,0,0.001316696
07/01/2000 02:36:15,0,0,0.001218061
07/01/2000 02:36:30,0,0,0.001389061
07/01/2000 02:36:45,0,0,0.001576816
07/01/2000 02:37:00,0,0,0.012196499
07/01/2000 02:37:15,0,0,0.001517181
07/01/2000 02:37:30,0,0,0.001136011
07/01/2000 02:37:45,0,0,0.001205235
07/01/2000 02:38:00,0,0,0.00187606
07/01/2000 02:38:15,0,0,0.001979203
07/01/2000 02:38:30,0,0,0.001129387
07/01/2000 02:38:45,0,0,0.001415641
07/01/2000 02:39:00,9,0,0.019198868
07/01/2000 02:39:15,0,0,0.001446267
07/01/2000 02:39:30,0,0,0.00177668
07/01/2000 02:39:45,0,0,0.002703807
07/01/2000 02:40:00,0,0,0.001762553
07/01/2000 02:40:15,0,0,0.001414144
07/01/2000 02:40:30,0,0,0.001388059
07/01/2000 02:40:45,0,0,0.001382144
07/01/2000 02:41:00,0,0,0.001336268
07/01/2000 02:41:15,0,0,0.001576762
07/01/2000 02:41:30,0,0,0.001363001
07/01/2000 02:41:45,0,0,0.001278989
07/01/2000 02:42:00,0,0,0.001790236
07/01/2000 02:42:15,0,0,0.00182383
07/01/2000 02:42:30,0,0,0.001371335
07/01/2000 02:42:45,0,0,0.001376774
07/01/2000 02:43:00,0,0,0.001442803
07/01/2000 02:43:15,0,0,0.00136392
07/01/2000 02:43:30,0,0,0.00140253
07/01/2000 02:43:45,0,0,0.001353642
07/01/2000 02:44:00,4,0,0.009183764
07/01/2000 02:44:15,0,0,0.002147717
07/01/2000 02:44:30,0,0,0.002056788
07/01/2000 02:44:45,0,0,0.001978837
07/01/2000 02:45:00,0,0,0.002212594
07/01/2000 02:45:15,0,0,0.001974277
07/01/2000 02:45:30,0,0,0.001908289
07/01/2000 02:45:45,0,0,0.001942997
07/01/2000 02:46:00,0,0,0.002009475
07/01/2000 02:46:15,0,0,0.001900231
07/01/2000 02:46:30,0,0,0.00199981
07/01/2000 02:46:45,0,0,0.002009072
07/01/2000 02:47:00,0,0,0.001816496
07/01/2000 02:47:15,0,0,0.001908959
07/01/2000 02:47:30,0,0,0.001998781
07/01/2000 02:47:45,0,0,0.001855352
07/01/2000 02:48:00,0,0,0.00188165
07/01/2000 02:48:15,0,0,0.002055017
07/01/2000 02:48:30,0,0,0.001821463
07/01/2000 02:48:45,0,0,0.001808186
07/01/2000 02:49:00,0,0,0.001856567
07/01/2000 02:49:15,0,0,0.001946844
07/01/2000 02:49:30,0,0,0.001781057
07/01/2000 02:49:45,0,0,0.001731765
07/01/2000 02:50:00,0,0,0.001726526
07/01/2000 02:50:15,0,0,0.00208517
07/01/2000 02:50:30,0,0,0.00182224
07/01/2000 02:50:45,0,0,0.001634985
07/01/2000 02:51:00,0,0,0.001697489
07/01/2000 02:51:15,0,0,0.001710806
07/01/2000 02:51:30,0,0,0.001617195
07/01/2000 02:51:45,0,0,0.001592516
07/01/2000 02:52:00,0,0,0.00165057
07/01/2000 02:52:15,0,0,0.001698441
07/01/2000 02:52:30,0,0,0.001655347
07/01/2000 02:52:45,0,0,0.001662102
07/01/2000 02:53:00,0,0,0.00173074
07/01/2000 02:53:15,0,0,0.001862329
07/01/2000 02:53:30,0,0,0.001990629
07/01/2000 02:53:45,0,0,0.001653497
07/01/2000 02:54:00,0,0,0.001613085
07/01/2000 02:54:15,0,0,0.001583283
07/01/2000 02:54:30,0,0,0.001603227
07/01/2000 02:54:45,0,0,0.00162553
07/01/2000 02:55:00,0,0,0.001712348
07/01/2000 02:55:15,0,0,0.001646522
07/01/2000 02:55:30,0,0,0.001649942
07/01/2000 02:55:45,0,0,0.001705512
07/01/2000 02:56:00,0,0,0.001617839
07/01/2000 02:56:15,0,0,0.002202234
07/01/2000 02:56:30,0,0,0.002859952
07/01/2000 02:56:45,0,0,0.002932704
07/01/2000 02:57:00,0,0,0.002813425
07/01/2000 02:57:15,0,0,0.004093002
07/01/2000 02:57:30,0,0,0.001998189
07/01/2000 02:57:45,0,0,0.001746372
07/01/2000 02:58:00,0,0,0.001688581
07/01/2000 02:58:15,0,0,0.001633068
07/01/2000 02:58:30,0,0,0.001597351
07/01/2000 02:58:45,0,0,0.001518154
07/01/2000 02:59:00,0,0,0.001569751
07/01/2000 02:59:15,0,0,0.001511799
07/01/2000 02:59:30,0,0,0.001767783
07/01/2000 02:59:45,0,0,0.001581426
07/01/2000 03:00:00,0,0,0.001595606
07/01/2000 03:00:15,0,0,0.001522265
07/01/2000 03:00:30,0,0,0.001442846
07/01/2000 03:00:45,0,0,0.00144521
07/01/2000 03:01:00,0,0,0.001517887
07/01/2000 03:01:15,0,0,0.001541242
07/01/2000 03:01:30,0,0,0.001548958
07/01/2000 03:01:45,0,0,0.001466559
07/01/2000 03:02:00,0,0,0.001534756
07/01/2000 03:02:15,0,0,0.001631092
07/01/2000 03:02:30,0,0,0.0014924
07/01/2000 03:02:45,0,0,0.00148486
07/01/2000 03:03:00,0,0,0.001489225
07/01/2000 03:03:15,0,0,0.001996324
07/01/2000 03:03:30,0,0,0.001508204
07/01/2000 03:03:45,0,0,0.001724792
07/01/2000 03:04:00,0,0,0.002388161
07/01/2000 03:04:15,0,0,0.001673071
07/01/2000 03:04:30,0,0,0.001479767
07/01/2000 03:04:45,0,0,0.001501928
07/01/2000 03:05:00,5,0,0.007605606
07/01/2000 03:05:15,0,0,0.002522662
07/01/2000 03:05:30,0,0,0.002215521
07/01/2000 03:05:45,0,0,0.002346944
07/01/2000 03:06:00,0,0,0.002378624
07/01/2000 03:06:15,0,0,0.002378926
07/01/2000 03:06:30,0,0,0.002417213
07/01/2000 03:06:45,0,0,0.002446459
07/01/2000 03:07:00,0,0,0.002335798
07/01/2000 03:07:15,0,0,0.002256797
07/01/2000 03:07:30,0,0,0.00240351
07/01/2000 03:07:45,0,0,0.002408581
07/01/2000 03:08:00,0,0,0.002429785
07/01/2000 03:08:15,0,0,0.00236361
07/01/2000 03:08:30,0,0,0.002458301
07/01/2000 03:08:45,0,0,0.002537117
07/01/2000 03:09:00,0,0,0.002420138
07/01/2000 03:09:15,0,0,0.002559933
07/01/2000 03:09:30,0,0,0.00248652
07/01/2000 03:09:45,0,0,0.002494903
07/01/2000 03:10:00,0,0,0.002476274
07/01/2000 03:10:15,0,0,0.002426733
07/01/2000 03:10:30,0,0,0.002490056
07/01/2000 03:10:45,46,1,0.024952416
07/01/2000 03:11:00,0,0,0.002534304
07/01/2000 03:11:15,0,0,0.002504522
07/01/2000 03:11:30,0,0,0.002995351
07/01/2000 03:11:45,0,0,0.002763142
07/01/2000 03:12:00,0,0,0.003527874
07/01/2000 03:12:15,6,0,0.017640012
07/01/2000 03:12:30,11,1,0.009047458
07/01/2000 03:12:45,0,0,0.002729253
07/01/2000 03:13:00,0,0,0.002772332
07/01/2000 03:13:15,0,0,0.002559297
07/01/2000 03:13:30,0,0,0.002725279
07/01/2000 03:13:45,0,0,0.002733029
07/01/2000 03:14:00,0,0,0.002554421
07/01/2000 03:14:15,0,0,0.002546815
07/01/2000 03:14:30,0,0,0.002501966
07/01/2000 03:14:45,0,0,0.002489026
07/01/2000 03:15:00,0,0,0.002442565
07/01/2000 03:15:15,0,0,0.002398691
07/01/2000 03:15:30,0,0,0.002520141
07/01/2000 03:15:45,0,0,0.002514202
07/01/2000 03:16:00,0,0,0.002524678
07/01/2000 03:16:15,0,0,0.002408332
07/01/2000 03:16:30,0,0,0.002456995
07/01/2000 03:16:45,0,0,0.002418081
07/01/2000 03:17:00,0,0,0.002363355
07/01/2000 03:17:15,0,0,0.00235788
07/01/2000 03:17:30,0,0,0.00235346
07/01/2000 03:17:45,0,0,0.002285674
07/01/2000 03:18:00,0,0,0.002379955
07/01/2000 03:18:15,0,0,0.002291033
07/01/2000 03:18:30,0,0,0.002283263
07/01/2000 03:18:45,0,0,0.00225516
07/01/2000 03:19:00,0,0,0.002347059
07/01/2000 03:19:15,0,0,0.002289258
07/01/2000 03:19:30,0,0,0.00224402
07/01/2000 03:19:45,0,0,0.002345002
07/01/2000 03:20:00,0,0,0.002401007
07/01/2000 03:20:15,0,0,0.002313957
07/01/2000 03:20:30,0,0,0.002278095
07/01/2000 03:20:45,0,0,0.002403496
07/01/2000 03:21:00,0,0,0.00232455
07/01/2000 03:21:15,0,0,0.002318466
07/01/2000 03:21:30,0,0,0.002442057
07/01/2000 03:21:45,0,0,0.002390566
07/01/2000 03:22:00,0,0,0.002461121
07/01/2000 03:22:15,0,0,0.002388454
07/01/2000 03:22:30,0,0,0.002462954
07/01/2000 03:22:45,0,0,0.002454808
07/01/2000 03:23:00,0,0,0.002539034
07/01/2000 03:23:15,0,0,0.002221366
07/01/2000 03:23:30,0,0,0.002440738
07/01/2000 03:23:45,0,0,0.002517152
07/01/2000 03:24:00,0,0,0.002479547
07/01/2000 03:24:15,0,0,0.002429185
07/01/2000 03:24:30,0,0,0.002512481
07/01/2000 03:24:45,60,1,0.040824988
07/01/2000 03:25:00,0,0,0.002181911
07/01/2000 03:25:15,0,0,0.001907609
07/01/2000 03:25:30,0,0,0.001890154
07/01/2000 03:25:45,0,0,0.001798904
07/01/2000 03:26:00,0,0,0.001730587
07/01/2000 03:26:15,0,0,0.001871267
07/01/2000 03:26:30,0,0,0.001683048
07/01/2000 03:26:45,0,0,0.001850581
07/01/2000 03:27:00,0,0,0.001975423
07/01/2000 03:27:15,0,0,0.001948953
07/01/2000 03:27:30,0,0,0.002147256
07/01/2000 03:27:45,0,0,0.00293024
07/01/2000 03:28:00,24,1,0.020364063
07/01/2000 03:28:15,0,0,0.003565908
07/01/2000 03:28:30,0,0,0.003600427
07/01/2000 03:28:45,0,0,0.003372041
07/01/2000 03:29:00,0,0,0.003490346
07/01/2000 03:29:15,0,0,0.0034515
07/01/2000 03:29:30,0,0,0.003491181
07/01/2000 03:29:45,0,0,0.003439199
07/01/2000 03:30:00,0,0,0.003706029
07/01/2000 03:30:15,0,0,0.003478345
07/01/2000 03:30:30,0,0,0.003351349
07/01/2000 03:30:45,0,0,0.003282489
07/01/2000 03:31:00,0,0,0.003145692
07/01/2000 03:31:15,0,0,0.003334932
07/01/2000 03:31:30,0,0,0.003352309
07/01/2000 03:31:45,0,0,0.003312319
07/01/2000 03:32:00,0,0,0.003390286
07/01/2000 03:32:15,0,0,0.003370412
07/01/2000 03:32:30,0,0,0.0033336
07/01/2000 03:32:45,0,0,0.003329979
07/01/2000 03:33:00,0,0,0.00332313
07/01/2000 03:33:15,0,0,0.003355263
07/01/2000 03:33:30,0,0,0.00316893
07/01/2000 03:33:45,0,0,0.003545777
07/01/2000 03:34:00,0,0,0.003426077
07/01/2000 03:34:15,0,0,0.003297064
07/01/2000 03:34:30,0,0,0.003333506
07/01/2000 03:34:45,0,0,0.003248347
07/01/2000 03:35:00,0,0,0.003317934
07/01/2000 03:35:15,0,0,0.003196991
07/01/2000 03:35:30,0,0,0.003047362
07/01/2000 03:35:45,0,0,0.003336602
07/01/2000 03:36:00,0,0,0.003351024
07/01/2000 03:36:15,0,0,0.003311749
07/01/2000 03:36:30,0,0,0.003440106
07/01/2000 03:36:45,0,0,0.003288174
07/01/2000 03:37:00,0,0,0.003071015
07/01/2000 03:37:15,0,0,0.003179956
07/01/2000 03:37:30,0,0,0.003079851
07/01/2000 03:37:45,0,0,0.003224844
07/01/2000 03:38:00,0,0,0.003045357
07/01/2000 03:38:15,0,0,0.003216169
07/01/2000 03:38:30,0,0,0.003110488
07/01/2000 03:38:45,0,0,0.003321246
07/01/2000 03:39:00,14,1,0.015731246
07/01/2000 03:39:15,0,0,0.003961804
07/01/2000 03:39:30,0,0,0.003847255
07/01/2000 03:39:45,0,0,0.003927211
07/01/2000 03:40:00,0,0,0.003895064
07/01/2000 03:40:15,0,0,0.003732998
07/01/2000 03:40:30,0,0,0.003837788
07/01/2000 03:40:45,0,0,0.003891536
07/01/2000 03:41:00,0,0,0.00385898
07/01/2000 03:41:15,0,0,0.00386261
07/01/2000 03:41:30,0,0,0.003834145
07/01/2000 03:41:45,0,0,0.003847511
07/01/2000 03:42:00,0,0,0.003821554
07/01/2000 03:42:15,0,0,0.00373089
07/01/2000 03:42:30,0,0,0.003796497
07/01/2000 03:42:45,0,0,0.003858978
07/01/2000 03:43:00,0,0,0.003693907
07/01/2000 03:43:15,0,0,0.003814335
07/01/2000 03:43:30,0,0,0.00382202
07/01/2000 03:43:45,0,0,0.003807078
07/01/2000 03:44:00,0,0,0.003903953
07/01/2000 03:44:15,0,0,0.003718198
07/01/2000 03:44:30,0,0,0.003761836
07/01/2000 03:44:45,0,0,0.003806585
07/01/2000 03:45:00,0,0,0.003846894
07/01/2000 03:45:15,0,0,0.003761701
07/01/2000 03:45:30,0,0,0.003709506
07/01/2000 03:45:45,0,0,0.00337325
07/01/2000 03:46:00,0,0,0.003800344
07/01/2000 03:46:15,0,0,0.003747294
07/01/2000 03:46:30,0,0,0.003879749
07/01/2000 03:46:45,0,0,0.004019353
07/01/2000 03:47:00,0,0,0.003908039
07/01/2000 03:47:15,0,0,0.003865792
07/01/2000 03:47:30,0,0,0.003893748
07/01/2000 03:47:45,0,0,0.003912456
07/01/2000 03:48:00,0,0,0.003683826
07/01/2000 03:48:15,0,0,0.003627691
07/01/2000 03:48:30,0,0,0.003745089
07/01/2000 03:48:45,0,0,0.003526066
07/01/2000 03:49:00,0,0,0.00396585
07/01/2000 03:49:15,0,0,0.003984363
07/01/2000 03:49:30,0,0,0.004002873
07/01/2000 03:49:45,0,0,0.003848647
07/01/2000 03:50:00,0,0,0.004004724
07/01/2000 03:50:15,0,0,0.003417736
07/01/2000 03:50:30,0,0,0.003831522
07/01/2000 03:50:45,0,0,0.003944037
07/01/2000 03:51:00,0,0,0.003920651
07/01/2000 03:51:15,0,0,0.003943285
07/01/2000 03:51:30,0,0,0.003933226
07/01/2000 03:51:45,0,0,0.004074351
07/01/2000 03:52:00,0,0,0.004110951
07/01/2000 03:52:15,0,0,0.00388498
07/01/2000 03:52:30,0,0,0.004431504
07/01/2000 03:52:45,0,0,0.003601024
07/01/2000 03:53:00,0,0,0.003675851
07/01/2000 03:53:15,0,0,0.003460795
07/01/2000 03:53:30,0,0,0.003568084
07/01/2000 03:53:45,0,0,0.003331075
07/01/2000 03:54:00,0,0,0.003364985
07/01/2000 03:54:15,0,0,0.003467036
07/01/2000 03:54:30,0,0,0.003535318
07/01/2000 03:54:45,0,0,0.003510805
07/01/2000 03:55:00,0,0,0.0035006
07/01/2000 03:55:15,0,0,0.003564836
07/01/2000 03:55:30,0,0,0.003371071
07/01/2000 03:55:45,0,0,0.00316695
07/01/2000 03:56:00,0,0,0.003390464
07/01/2000 03:56:15,0,0,0.003393097
07/01/2000 03:56:30,0,0,0.003349147
07/01/2000 03:56:45,0,0,0.003509596
07/01/2000 03:57:00,0,0,0.003449034
07/01/2000 03:57:15,0,0,0.003437199
07/01/2000 03:57:30,0,0,0.003410011
07/01/2000 03:57:45,0,0,0.003419203
07/01/2000 03:58:00,0,0,0.003499613
07/01/2000 03:58:15,0,0,0.003470192
07/01/2000 03:58:30,0,0,0.003431661
07/01/2000 03:58:45,0,0,0.003585128
07/01/2000 03:59:00,0,0,0.003524177
07/01/2000 03:59:15,0,0,0.003390698
07/01/2000 03:59:30,0,0,0.003457329
07/01/2000 03:59:45,0,0,0.003459201
07/01/2000 04:00:00,0,0,0.003548891
07/01/2000 04:00:15,0,0,0.003640746
07/01/2000 04:00:30,0,0,0.00365937
07/01/2000 04:00:45,0,0,0.003694646
07/01/2000 04:01:00,0,0,0.003643776
07/01/2000 04:01:15,0,0,0.003603706
07/01/2000 04:01:30,0,0,0.003574744
07/01/2000 04:01:45,0,0,0.00354391
07/01/2000 04:02:00,0,0,0.003507019
07/01/2000 04:02:15,0,0,0.003558997
07/01/2000 04:02:30,0,0,0.003300954
07/01/2000 04:02:45,0,0,0.002523848
07/01/2000 04:03:00,0,0,0.002716723
07/01/2000 04:03:15,0,0,0.002911034
07/01/2000 04:03:30,0,0,0.002849625
07/01/2000 04:03:45,0,0,0.00322107
07/01/2000 04:04:00,0,0,0.003758932
07/01/2000 04:04:15,0,0,0.003861925
07/01/2000 04:04:30,0,0,0.003850883
07/01/2000 04:04:45,0,0,0.003866346
07/01/2000 04:05:00,0,0,0.003768028
07/01/2000 04:05:15,0,0,0.003781812
07/01/2000 04:05:30,0,0,0.003791472
07/01/2000 04:05:45,0,0,0.00364855
07/01/2000 04:06:00,0,0,0.003939859
07/01/2000 04:06:15,0,0,0.00383517
07/01/2000 04:06:30,0,0,0.003699487
07/01/2000 04:06:45,0,0,0.003608986
07/01/2000 04:07:00,0,0,0.003627117
07/01/2000 04:07:15,0,0,0.003589516
07/01/2000 04:07:30,0,0,0.003617503
07/01/2000 04:07:45,0,0,0.003598564
07/01/2000 04:08:00,0,0,0.003576727
07/01/2000 04:08:15,0,0,0.003527411
07/01/2000 04:08:30,0,0,0.003560592
07/01/2000 04:08:45,0,0,0.003557922
07/01/2000 04:09:00,0,0,0.003629685
07/01/2000 04:09:15,0,0,0.003695656
07/01/2000 04:09:30,0,0,0.003498626
07/01/2000 04:09:45,0,0,0.003678172
07/01/2000 04:10:00,0,0,0.00360359
07/01/2000 04:10:15,0,0,0.003589202
07/01/2000 04:10:30,0,0,0.003561304
07/01/2000 04:10:45,0,0,0.003574142
07/01/2000 04:11:00,0,0,0.003648045
07/01/2000 04:11:15,0,0,0.003570942
07/01/2000 04:11:30,0,0,0.003633838
07/01/2000 04:11:45,0,0,0.003583055
07/01/2000 04:12:00,0,0,0.003599041
07/01/2000 04:12:15,0,0,0.003686712
07/01/2000 04:12:30,0,0,0.003747748
07/01/2000 04:12:45,0,0,0.003689367
07/01/2000 04:13:00,0,0,0.003597784
07/01/2000 04:13:15,0,0,0.003306548
07/01/2000 04:13:30,0,0,0.003504315
07/01/2000 04:13:45,0,0,0.003583894
07/01/2000 04:14:00,0,0,0.00355796
07/01/2000 04:14:15,0,0,0.003572728
07/01/2000 04:14:30,0,0,0.003581144
07/01/2000 04:14:45,0,0,0.003649397
07/01/2000 04:15:00,0,0,0.003735643
07/01/2000 04:15:15,0,0,0.003622288
07/01/2000 04:15:30,0,0,0.003656403
07/01/2000 04:15:45,0,0,0.003666215
07/01/2000 04:16:00,0,0,0.003690903
07/01/2000 04:16:15,0,0,0.003687138
07/01/2000 04:16:30,0,0,0.003619113
07/01/2000 04:16:45,0,0,0.003693235
07/01/2000 04:17:00,0,0,0.003430455
07/01/2000 04:17:15,0,0,0.003621403
07/01/2000 04:17:30,0,0,0.003577872
07/01/2000 04:17:45,0,0,0.003590976
07/01/2000 04:18:00,0,0,0.003659514
07/01/2000 04:18:15,0,0,0.00361987
07/01/2000 04:18:30,0,0,0.003671018
07/01/2000 04:18:45,0,0,0.003637
07/01/2000 04:19:00,0,0,0.003718065
07/01/2000 04:19:15,0,0,0.00376285
07/01/2000 04:19:30,0,0,0.003802019
07/01/2000 04:19:45,0,0,0.003769623
07/01/2000 04:20:00,0,0,0.003712264
07/01/2000 04:20:15,0,0,0.003535079
07/01/2000 04:20:30,0,0,0.003547733
07/01/2000 04:20:45,0,0,0.003737888
07/01/2000 04:21:00,0,0,0.003718333
07/01/2000 04:21:15,0,0,0.003648512
07/01/2000 04:21:30,0,0,0.003707078
07/01/2000 04:21:45,0,0,0.003630222
07/01/2000 04:22:00,0,0,0.003618972
07/01/2000 04:22:15,0,0,0.003629199
07/01/2000 04:22:30,0,0,0.003696163
07/01/2000 04:22:45,0,0,0.003709163
07/01/2000 04:23:00,0,0,0.003749637
07/01/2000 04:23:15,0,0,0.003686714
07/01/2000 04:23:30,0,0,0.003605724
07/01/2000 04:23:45,0,0,0.003460233
07/01/2000 04:24:00,0,0,0.003652058
07/01/2000 04:24:15,0,0,0.003655151
07/01/2000 04:24:30,0,0,0.003709816
07/01/2000 04:24:45,0,0,0.003672767
07/01/2000 04:25:00,0,0,0.003695026
07/01/2000 04:25:15,0,0,0.003559338
07/01/2000 04:25:30,0,0,0.00362769
07/01/2000 04:25:45,0,0,0.003656624
07/01/2000 04:26:00,0,0,0.003640052
07/01/2000 04:26:15,0,0,0.003551476
07/01/2000 04:26:30,0,0,0.003604575
07/01/2000 04:26:45,0,0,0.003405927
07/01/2000 04:27:00,0,0,0.00361017
07/01/2000 04:27:15,0,0,0.003488115
07/01/2000 04:27:30,0,0,0.003476475
07/01/2000 04:27:45,0,0,0.003567127
07/01/2000 04:28:00,0,0,0.00366417
07/01/2000 04:28:15,0,0,0.003544104
07/01/2000 04:28:30,0,0,0.003517982
07/01/2000 04:28:45,0,0,0.003519955
07/01/2000 04:29:00,0,0,0.003571637
07/01/2000 04:29:15,0,0,0.003663658
07/01/2000 04:29:30,0,0,0.003467969
07/01/2000 04:29:45,0,0,0.003561162
07/01/2000 04:30:00,0,0,0.00352081
07/01/2000 04:30:15,0,0,0.003511624
07/01/2000 04:30:30,0,0,0.003552613
07/01/2000 04:30:45,0,0,0.003659063
07/01/2000 04:31:00,0,0,0.003553931
07/01/2000 04:31:15,0,0,0.00361791
07/01/2000 04:31:30,0,0,0.003549925
07/01/2000 04:31:45,0,0,0.003688949
07/01/2000 04:32:00,0,0,0.003653746
07/01/2000 04:32:15,0,0,0.003374936
07/01/2000 04:32:30,0,0,0.00362011
07/01/2000 04:32:45,0,0,0.003511441
07/01/2000 04:33:00,0,0,0.003473438
07/01/2000 04:33:15,0,0,0.003620346
07/01/2000 04:33:30,0,0,0.003514074
07/01/2000 04:33:45,0,0,0.003566243
07/01/2000 04:34:00,0,0,0.003557604
07/01/2000 04:34:15,0,0,0.003660233
07/01/2000 04:34:30,0,0,0.003660417
07/01/2000 04:34:45,0,0,0.003557426
07/01/2000 04:35:00,0,0,0.003631703
07/01/2000 04:35:15,0,0,0.003552033
07/01/2000 04:35:30,0,0,0.004025702
07/01/2000 04:35:45,16,1,0.018915159
07/01/2000 04:36:00,0,0,0.004319418
07/01/2000 04:36:15,0,0,0.004603406
07/01/2000 04:36:30,0,0,0.004530325
07/01/2000 04:36:45,0,0,0.004590916
07/01/2000 04:37:00,0,0,0.004546149
07/01/2000 04:37:15,0,0,0.004510155
07/01/2000 04:37:30,0,0,0.004526571
07/01/2000 04:37:45,0,0,0.004492816
07/01/2000 04:38:00,0,0,0.004461476
07/01/2000 04:38:15,0,0,0.004555755
07/01/2000 04:38:30,0,0,0.004570831
07/01/2000 04:38:45,0,0,0.004522829
07/01/2000 04:39:00,0,0,0.00439821
07/01/2000 04:39:15,0,0,0.004501635
07/01/2000 04:39:30,0,0,0.004516701
07/01/2000 04:39:45,0,0,0.004427035
07/01/2000 04:40:00,0,0,0.004570568
07/01/2000 04:40:15,0,0,0.004477753
07/01/2000 04:40:30,0,0,0.004406446
07/01/2000 04:40:45,0,0,0.004504208
07/01/2000 04:41:00,0,0,0.004502464
07/01/2000 04:41:15,0,0,0.004567783
07/01/2000 04:41:30,0,0,0.004473529
07/01/2000 04:41:45,0,0,0.004574545
07/01/2000 04:42:00,0,0,0.004582494
07/01/2000 04:42:15,0,0,0.004562574
07/01/2000 04:42:30,0,0,0.004331456
07/01/2000 04:42:45,0,0,0.004326679
07/01/2000 04:43:00,0,0,0.004394924
07/01/2000 04:43:15,0,0,0.004431765
07/01/2000 04:43:30,0,0,0.004448937
07/01/2000 04:43:45,0,0,0.004359056
07/01/2000 04:44:00,0,0,0.004494046
07/01/2000 04:44:15,0,0,0.004433599
07/01/2000 04:44:30,0,0,0.004323583
07/01/2000 04:44:45,0,0,0.004257261
07/01/2000 04:45:00,0,0,0.004492224
07/01/2000 04:45:15,0,0,0.004504141
07/01/2000 04:45:30,0,0,0.004363496
07/01/2000 04:45:45,0,0,0.004255884
07/01/2000 04:46:00,0,0,0.004377543
07/01/2000 04:46:15,0,0,0.004430045
07/01/2000 04:46:30,0,0,0.004296007
07/01/2000 04:46:45,0,0,0.004451134
07/01/2000 04:47:00,0,0,0.004422672
07/01/2000 04:47:15,0,0,0.004447973
07/01/2000 04:47:30,0,0,0.004437335
07/01/2000 04:47:45,0,0,0.00436109
07/01/2000 04:48:00,0,0,0.004342239
07/01/2000 04:48:15,0,0,0.004446142
07/01/2000 04:48:30,0,0,0.004247484
07/01/2000 04:48:45,0,0,0.004274412
07/01/2000 04:49:00,0,0,0.004297999
07/01/2000 04:49:15,0,0,0.004360116
07/01/2000 04:49:30,0,0,0.004344427
07/01/2000 04:49:45,0,0,0.004302707
07/01/2000 04:50:00,0,0,0.004371733
07/01/2000 04:50:15,0,0,0.004230339
07/01/2000 04:50:30,0,0,0.004331419
07/01/2000 04:50:45,0,0,0.00430071
07/01/2000 04:51:00,0,0,0.004172623
07/01/2000 04:51:15,0,0,0.004347822
07/01/2000 04:51:30,0,0,0.004290079
07/01/2000 04:51:45,0,0,0.004297562
07/01/2000 04:52:00,0,0,0.004253221
07/01/2000 04:52:15,0,0,0.00405471
07/01/2000 04:52:30,0,0,0.00425031
07/01/2000 04:52:45,0,0,0.004259665
07/01/2000 04:53:00,0,0,0.004226964
07/01/2000 04:53:15,0,0,0.004180271
07/01/2000 04:53:30,0,0,0.004116438
07/01/2000 04:53:45,0,0,0.004197275
07/01/2000 04:54:00,0,0,0.004259201
07/01/2000 04:54:15,0,0,0.004226307
07/01/2000 04:54:30,0,0,0.004358578
07/01/2000 04:54:45,0,0,0.004182787
07/01/2000 04:55:00,0,0,0.004264618
07/01/2000 04:55:15,0,0,0.004214544
07/01/2000 04:55:30,0,0,0.004337061
07/01/2000 04:55:45,0,0,0.004317915
07/01/2000 04:56:00,0,0,0.004261412
07/01/2000 04:56:15,0,0,0.004243397
07/01/2000 04:56:30,0,0,0.004295527
07/01/2000 04:56:45,0,0,0.004218327
07/01/2000 04:57:00,0,0,0.004250522
07/01/2000 04:57:15,0,0,0.004320075
07/01/2000 04:57:30,0,0,0.004230546
07/01/2000 04:57:45,0,0,0.004304726
07/01/2000 04:58:00,0,0,0.004370454
07/01/2000 04:58:15,0,0,0.004352962
07/01/2000 04:58:30,0,0,0.004341847
07/01/2000 04:58:45,0,0,0.004412608
07/01/2000 04:59:00,0,0,0.004407839
07/01/2000 04:59:15,0,0,0.004740684
07/01/2000 04:59:30,0,0,0.004310359
07/01/2000 04:59:45,0,0,0.004017491
07/01/2000 05:00:00,0,0,0.003973264
07/01/2000 05:00:15,0,0,0.003965791
07/01/2000 05:00:30,0,0,0.004191791
07/01/2000 05:00:45,0,0,0.003958682
07/01/2000 05:01:00,0,0,0.004083312
07/01/2000 05:01:15,0,0,0.003988269
07/01/2000 05:01:30,0,0,0.00404167
07/01/2000 05:01:45,0,0,0.004145996
07/01/2000 05:02:00,0,0,0.004097369
07/01/2000 05:02:15,0,0,0.004068628
07/01/2000 05:02:30,0,0,0.003924014
07/01/2000 05:02:45,0,0,0.004085003
07/01/2000 05:03:00,0,0,0.004018995
07/01/2000 05:03:15,23,1,0.025180212
07/01/2000 05:03:30,91,1,0.05646109
07/01/2000 05:03:45,0,0,0.002603173
07/01/2000 05:04:00,0,0,0.001809961
07/01/2000 05:04:15,0,0,0.0017205
07/01/2000 05:04:30,0,0,0.001722271
07/01/2000 05:04:45,0,0,0.001641184
07/01/2000 05:05:00,0,0,0.001000758
07/01/2000 05:05:15,3,0,0.005297681
07/01/2000 05:05:30,0,0,0.001256219
07/01/2000 05:05:45,0,0,0.001716543
07/01/2000 05:06:00,0,0,0.000998636
07/01/2000 05:06:15,0,0,0.000948323
07/01/2000 05:06:30,0,0,0.001016527
07/01/2000 05:06:45,0,0,0.001175613
07/01/2000 05:07:00,3,0,0.005031101
07/01/2000 05:07:15,0,0,0.00104871
07/01/2000 05:07:30,0,0,0.000990046
07/01/2000 05:07:45,0,0,0.001493045
07/01/2000 05:08:00,0,0,0.001427528
07/01/2000 05:08:15,0,0,0.000932262
07/01/2000 05:08:30,0,0,0.001308716
07/01/2000 05:08:45,0,0,0.003237281
07/01/2000 05:09:00,0,0,0.001013357
07/01/2000 05:09:15,0,0,0.001398916
07/01/2000 05:09:30,0,0,0.001045339
07/01/2000 05:09:45,0,0,0.001043658
07/01/2000 05:10:00,12,1,0.017054291
07/01/2000 05:10:15,23,1,0.016748579
07/01/2000 05:10:30,0,0,0.010749249
07/01/2000 05:10:45,0,1,0.004116798
07/01/2000 05:11:00,2,NA,0.008593025
07/01/2000 05:11:15,31,NA,0.049036083
07/01/2000 05:11:30,40,NA,0.002997041
07/01/2000 05:11:45,97,NA,0.000900047
